Reference,Suite,Title,SiO2,TiO2,Al2O3,Fe2O3,FeO,MnO,MgO,CaO,Na2O,K2O,P2O5,LOI
Naldrett 2004,Morongovsky,Mr1,50.16,1.15,15.7,1.256934112,10.179,0.2,7.14,11.65,2.18,0.37,0.13,2.37
Naldrett 2004,Morongovsky,Mr2,49.61,1.16,16.16,1.26249085,10.224,0.2,7.44,11.56,2.04,0.34,0.13,2.03
Naldrett 2004,Mokulaevsky,Mk,49.47,1.27,15.93,1.306944753,10.584,0.2,7.25,11.52,2.19,0.31,0.14,1.99
Naldrett 2004,Kharaelakhsky,Hr,49.28,1.41,15.59,1.369180217,11.088,0.2,7.3,11.09,2.3,0.35,0.16,2.04
